{
  "project": "CSCI316 Project 2: Transfer Learning for Low-Resource Language Understanding",
  "group": "big_boyz",
  "task": "Sentiment Analysis in Gulf Arabic Code-Switched Text",
  "base_model": "inceptionai/jais-family-1p3b",
  "full_finetune": {
    "accuracy": 0.7104770433083686,
    "f1": 0.6344572227640685,
    "precision": 0.6554519309724977,
    "recall": 0.6255453027670277,
    "training_time_seconds": 4388.145615816116,
    "peak_gpu_memory_gb": 12.595381248,
    "total_params": 1384311312,
    "trainable_params": 302569600,
    "trainable_percent": 21.857048871677502,
    "strategy": "Progressive Layer Unfreezing (last 6/24 layers)"
  },
  "lora": {
    "accuracy": 0.892014001953761,
    "f1": 0.8606256039665522,
    "precision": 0.8627012421951905,
    "recall": 0.8590665487503187,
    "training_time_seconds": 11405.740575551987,
    "peak_gpu_memory_gb": 15.448854528,
    "total_params": 1397699088,
    "trainable_params": 13387776,
    "trainable_percent": 0.9578439390095674,
    "lora_rank": 16,
    "lora_alpha": 32,
    "strategy": "LoRA (PEFT)"
  },
  "cultural_evaluation": {
    "dsfs_score": 0.725,
    "overall_cultural_accuracy": 0.72,
    "per_category": {
      "gulf_expression": {
        "accuracy": 0.7,
        "count": 10
      },
      "code_switch": {
        "accuracy": 0.7,
        "count": 10
      },
      "culturally_ambiguous": {
        "accuracy": 0.8,
        "count": 5
      }
    }
  },
  "timestamp": "2026-03-03T17:33:27.074927"
}