{
  "accuracy": 0.7104770433083686,
  "f1": 0.6344572227640685,
  "precision": 0.6554519309724977,
  "recall": 0.6255453027670277,
  "training_time_seconds": 4388.145615816116,
  "peak_gpu_memory_gb": 12.595381248,
  "total_params": 1384311312,
  "trainable_params": 302569600,
  "trainable_percent": 21.857048871677502,
  "strategy": "Progressive Layer Unfreezing (last 6/24 layers)"
}