{
  "accuracy": 0.892014001953761,
  "f1": 0.8606256039665522,
  "precision": 0.8627012421951905,
  "recall": 0.8590665487503187,
  "training_time_seconds": 11405.740575551987,
  "peak_gpu_memory_gb": 15.448854528,
  "total_params": 1397699088,
  "trainable_params": 13387776,
  "trainable_percent": 0.9578439390095674,
  "lora_rank": 16,
  "lora_alpha": 32,
  "strategy": "LoRA (PEFT)"
}